id,(Intercept),Depths16-30,Depths31-45,Depths50-75
1CMET2-PWY,1.3903024107867399,0.12772549117776974,0.07033110574184834,0.005660842044501561
3-HYDROXYPHENYLACETATE-DEGRADATION-PWY,-1.0028967836481826,-0.15893920589796234,-0.07755677705432944,-0.24541209756821783
AEROBACTINSYN-PWY,-4.48314421799394,-0.16665289142644402,-0.038062410804241636,-0.16186638171811896
ALL-CHORISMATE-PWY,0.5567957350397243,-0.045878297288472716,0.024662071255134047,-0.10333208166427255
ANAEROFRUCAT-PWY,1.4528328023664159,0.05749949393491046,0.02725732301360559,-0.08194581485458687
ANAGLYCOLYSIS-PWY,1.665449748537302,0.1545592353509794,0.07652845601502932,0.014623546635512123
ARG+POLYAMINE-SYN,0.8117590239265571,0.10706203310725937,0.030939062391185462,-0.06323644491222609
ARGDEG-PWY,-1.386293746695765,-0.0822170854539583,0.02337854390605773,0.060542429490543725
ARGORNPROST-PWY,-0.10525546480061543,0.007646118742689459,0.0728601859359677,-0.07788021318114813
ARGSYN-PWY,1.5470929575625831,0.18478079131463615,0.10290517145407378,0.066860634456138407
ARGSYNBSUB-PWY,1.6430144415902017,0.18142712434507163,0.09994156017616951,0.06363621086540017
ARO-PWY,1.6461261457303156,0.14558615134502612,0.06360898014751735,0.0037521498859636807
ASPASN-PWY,0.5363754140414994,-0.06379336298377584,0.016367313382906833,-0.10046152895533153
AST-PWY,-0.6260464776587895,-0.07851382845735687,0.07248820617023358,-0.019037221979013263
BENZCOA-PWY,-7.237301267206858,-0.8180879717481989,-1.255147770439986,-1.7944255126796018
BIOTIN-BIOSYNTHESIS-PWY,0.945312298526801,-0.07100873458309094,-0.07111459363269308,-0.2740011573035029
BRANCHED-CHAIN-AA-SYN-PWY,1.8469251277384906,0.18851587593496535,0.09056466652648534,0.04911067727443898
CALVIN-PWY,1.7003700315277364,0.157439618522333,0.0880267830360588,0.04065130749553159
CATECHOL-ORTHO-CLEAVAGE-PWY,-1.9429032958187307,-0.05302028943794186,-0.23673509591651476,-0.3521881055432226
CENTBENZCOA-PWY,-2.6483959195605884,0.09628986842156795,-0.0868801598267647,-0.4669947227529155
CENTFERM-PWY,-0.7841557026440586,0.275574680329726,0.3743161252260301,0.472603581299596
CHLOROPHYLL-SYN,-4.412686954614625,-0.2657189613862096,-0.3091631936284264,-0.3476253501981598
COA-PWY,1.5804018356027925,0.17073450923412087,0.08569352736917472,0.04326950875734209
COBALSYN-PWY,0.8659515658022165,0.26037303219265445,0.19273999984838486,0.22614101972278788
CODH-PWY,0.5311426027068507,0.49675556877040566,0.40164876701267327,0.4300151078381379
COLANSYN-PWY,1.312854138497956,0.1613776580913845,0.05065106170532796,-0.0240443111336778
COMPLETE-ARO-PWY,1.6970573196444416,0.14898235177354147,0.06487651059059124,0.004083098085092451
CRNFORCAT-PWY,-4.842373291522264,-0.17471776201569666,0.09315160067829648,0.06916956620731682
DAPLYSINESYN-PWY,1.3656821034879698,0.06044147844004865,0.02068874101726352,-0.08414409200478773
DENITRIFICATION-PWY,-1.682102702960524,-0.5177521357691119,-0.6581094859050589,-1.3490136951914513
DENOVOPURINE2-PWY,1.427043983303804,0.14484938845542614,0.10217979801934339,0.0794224942330588
DHGLUCONATE-PYR-CAT-PWY,-1.4652069909958776,-0.149668908317029,-0.07830629376679663,-0.17995587729062779
DTDPRHAMSYN-PWY,1.5826897744411195,0.12147303015286388,0.023459039023822847,-0.08783064679327938
ECASYN-PWY,-0.8103313813942243,-0.13279055294136471,-0.02242610829473599,-0.12111357574729406
ENTBACSYN-PWY,0.21545875821351146,-0.029761238964165757,0.12404756737218404,0.04605020782238167
FAO-PWY,1.3078200636724304,0.06771461425892085,0.01664359880495614,-0.09808829909756961
FASYN-ELONG-PWY,1.5813799572682896,-0.04281889859675993,-0.0987236043411228,-0.33192517212100014
FASYN-INITIAL-PWY,0.9870687548352723,-0.06762143955100773,-0.05241596651277337,-0.2758511539925547
FERMENTATION-PWY,1.0842210247289774,-0.055296630238903285,-0.03334851356077525,-0.19825403225265373
FOLSYN-PWY,1.299972413838292,0.018521022061167805,-0.0073010671545526325,-0.17515301294757668
FUC-RHAMCAT-PWY,-0.8035869490095795,-0.15003813603914562,-0.05141680808644461,-0.17256656403045526
FUCCAT-PWY,-0.955913474739333,-0.11574688293255518,-0.0139588151114071,-0.1254971951205346
GALACT-GLUCUROCAT-PWY,-0.11900310452807616,-0.16722281765280955,-0.10197869899432052,-0.25231331964627235
GALACTARDEG-PWY,-0.7306736746954581,-0.10574592799980158,-0.11706893354752239,-0.1831388973259164
GALACTUROCAT-PWY,0.2250966536807013,-0.15841018681493652,-0.09679178394727873,-0.2590776917761469
GALLATE-DEGRADATION-I-PWY,-3.735943386213636,-0.7507410765524454,-0.3583080676428755,-0.9212516190236781
GALLATE-DEGRADATION-II-PWY,-4.642895541111579,-0.5764892394581594,-0.18454864690962286,-0.6785001585975833
GLCMANNANAUT-PWY,-0.4201261398550198,-0.10747654801913246,-0.04441714629600288,-0.18140354458967758
GLUCARDEG-PWY,-0.8275050882577091,-0.11861705167424079,-0.1017963407682618,-0.19752941785120467
GLUCARGALACTSUPER-PWY,-0.7306736746954581,-0.10574592799980158,-0.11706893354752239,-0.1831388973259164
GLUCONEO-PWY,1.5080520232854369,0.10950324603573187,0.05755850153353277,-0.01783194538773235
GLUCOSE1PMETAB-PWY,0.3001923794842405,-0.13909210065127864,-0.010547191181236358,-0.14904069724987193
GLUCUROCAT-PWY,0.07187251123702332,-0.15363120812355174,-0.04493811822021947,-0.1868000309891042
GLUTORN-PWY,1.5687664749033985,0.15377384599408359,0.06071655016951004,-0.007217357828368607
GLYCOCAT-PWY,1.2380184512755523,0.06505030201990916,0.012600748567531211,-0.11363460538314163
GLYCOGENSYNTH-PWY,1.419986939033178,0.08697464351532928,0.007186556675842622,-0.10608838653688857
GLYCOL-GLYOXDEG-PWY,-1.557938256937474,-0.18503604020703557,-0.21203658206421788,-0.393110101640567
GLYCOLYSIS,1.6431417082967172,0.14887327263401318,0.07024057846661319,0.027398324002217762
GLYCOLYSIS-E-D,1.3509580221744795,0.03497839802602287,0.008118329532234944,-0.123614458831253
GLYCOLYSIS-TCA-GLYOX-BYPASS,1.1505127139306328,-0.027145998891075607,-0.013806809024895297,-0.1727875847253372
GLYOXYLATE-BYPASS,0.723647705553887,-0.12171955081356463,-0.1236439181810388,-0.3804748248978135
GOLPDLCAT-PWY,-1.72649580569629,-0.15324712969703524,-0.07528776833813543,-0.16466557923211692
HCAMHPDEG-PWY,-2.5048185801605296,-0.202659454338931,-0.05255559483380397,-0.17310612649513463
HEME-BIOSYNTHESIS-II,0.722656100763599,-0.0819784833736394,-0.15519025675601295,-0.3943857212066926
HEMESYN2-PWY,1.264758437667032,0.012448089871047549,-0.0833651985477868,-0.2613072556052821
HEXITOLDEGSUPER-PWY,0.6805322869811903,-0.0865388120844789,-0.04441729950436057,-0.16252235627820702
HISDEG-PWY,0.5065297483400553,0.05101549818018368,0.03646273677675695,-0.05601822418119745
HISTSYN-PWY,1.3810512080731616,0.17709620379594598,0.08973615489864946,0.034158331816565586
HOMOSER-METSYN-PWY,0.7158362410529939,-0.07751084965838868,-0.030569359482539846,-0.18320598923443532
HSERMETANA-PWY,1.0889968415311646,0.00939257615627892,0.005050981544200101,-0.11761282479697474
ILEUSYN-PWY,1.874442836038778,0.16351855392480186,0.061866951292856714,0.005233200126221384
KDO-NAGLIPASYN-PWY,0.5104055190324441,0.049009744249692976,0.10022420473017651,-0.07609339221644404
KETOGLUCONMET-PWY,-0.537971515845209,-0.16226160905676384,-0.02291795983448324,-0.12111625667241624
LACTOSECAT-PWY,-0.9493895987895176,-0.19797852374496788,-0.11438777796867937,-0.285175364248826
LEU-DEG2-PWY,0.307739119034105,-0.17820798484472866,-0.25766118856797243,-0.5722460412704289
LIPASYN-PWY,-8.208501075907904,0.35135242431537334,0.5449868358220662,0.07591469458949643
LPSSYN-PWY,-0.19451798710644574,-0.10965940706961506,-0.022912511070521092,-0.14458421997806445
MET-SAM-PWY,1.0921553946788691,-0.02815813697186824,-0.004576073674894682,-0.13251003543642786
METH-ACETATE-PWY,0.4142279827844373,0.5329813089908397,0.5264561055773178,0.5693380573964859
METHANOGENESIS-PWY,-4.008254288611498,0.8442399360462096,0.787757598177761,0.5904425278333658
METHGLYUT-PWY,-1.6889628620306034,-0.16405451179015207,-0.13520159509661447,-0.2545303678254963
METHYLGALLATE-DEGRADATION-PWY,-3.5142366188448895,-0.7507151068117616,-0.35855322847679705,-0.9215720245444599
NAD-BIOSYNTHESIS-II,-0.4652649432836693,0.1161520017456814,0.1873814340535463,0.288700208868838
NADSYN-PWY,-1.9492762808240691,-0.26222507171059223,-0.645128869325261,-0.9749537618172722
NAGLIPASYN-PWY,1.253785517636489,0.10298109508193962,-0.02701560465100465,-0.15946549330015553
NONMEVIPP-PWY,1.4081347247890932,0.17556220129543926,0.08004136632364502,0.01706948300046546
NONOXIPENT-PWY,1.822769703188591,0.12994047474219064,0.05308655035849312,-0.012970861316439364
OANTIGEN-PWY,1.5249722188814978,0.14002796835637427,0.05228230694241752,-0.02273593779093983
ORNARGDEG-PWY,-1.386293746695765,-0.0822170854539583,0.02337854390605773,0.060542429490543725
ORNDEG-PWY,-0.35025393983497466,-0.0848158561648799,0.09984451515586776,-0.00993362038142585
P101-PWY,-1.7098911257464096,-0.3970582741141061,-0.4760632000426611,-0.7696988069213909
P105-PWY,1.3771515632783782,0.02801258933478458,5.710941799100568e-4,-0.13760648492857497
P108-PWY,1.2757926517727132,0.30283196723751377,0.2012347219321211,0.20412690017220592
P122-PWY,0.5583148595477194,-0.1501330742623354,-0.1286435370506278,-0.30137871037192954
P124-PWY,0.6927569860497389,-0.11644848431427547,-0.09971984922771134,-0.25231455296060434
P125-PWY,-1.3618158216778475,-0.048210452408617,0.10969943248765578,-0.05054859785894915
P161-PWY,0.8439910339137651,-0.13850422441150023,-0.04415158127743239,-0.1889972360751405
P162-PWY,-0.7836542456389299,-0.0678813916617632,-0.10638623941181967,-0.33958496935529175
P163-PWY,-4.504060209260004,-0.09295950581536484,-0.25886797986795335,-0.5950694098881678
P164-PWY,0.643532845806579,-0.021128884052481672,-0.09950734995117555,-0.2632717081574013
P184-PWY,-3.760274556991395,-0.7781911986959674,-0.3839059129168814,-0.9388413567476099
P221-PWY,-0.6899196276515056,-0.07957220128045063,0.01883208174761939,-0.026095420120082365
P23-PWY,1.4943075954119909,0.009308889944705384,-0.03632680876427227,-0.21073215633852319
P241-PWY,-4.89458019088685,0.8993932369224489,0.8715261027447246,0.9168852865542403
P261-PWY,-4.02168400716569,0.11131104793172343,-0.1138621306907128,-0.28189661556494466
P281-PWY,-0.7838864860595383,-0.19493422985943776,-0.10811460000062677,-0.3255545773927783
P341-PWY,-8.827321942328814,-0.8352000573193148,-1.1351766134550922,-1.3159302149930565
P381-PWY,-0.015543161092073987,0.009119784979114864,0.0038513549392035287,-0.14937617734772665
P4-PWY,1.1995042473963409,0.0047537475649583605,-0.004278330600277342,-0.141800874123482
P42-PWY,1.8436193870834146,0.2478008709018179,0.15312225031955679,0.13621507223671778
P441-PWY,0.41774752556009886,-0.0774717874623881,-0.026209711455617023,-0.15913738545343042
P461-PWY,0.35434375637487747,-0.10868019522079898,0.030919618030647182,-0.10924097433299859
P562-PWY,-1.8127465939157528,-0.1470414985166183,-0.08505625553008814,-0.3679615291622793
P621-PWY,-2.3613099159854176,-0.1563837244319144,-0.1615329536936455,-0.457115857304669
PANTO-PWY,1.426683009671832,0.1757371851257375,0.08105295663154811,0.029326386852299918
PANTOSYN-PWY,1.4656905928645951,0.1716374159703859,0.07497421422212236,0.029697667100989783
PENTOSE-P-PWY,1.354830879821474,-0.01588770806636261,-0.07734882802441628,-0.25280668830768416
PEPTIDOGLYCANSYN-PWY,1.54023944446263,0.08615565184054563,-0.010950385109442868,-0.1269836477863999
PHOSLIPSYN-PWY,1.7806247969405558,0.16150663466874218,0.0810059953259057,0.022390211585757956
POLYAMINSYN3-PWY,0.010845353219545828,0.015996877158324804,0.005291444231091291,-0.19546817122188
POLYAMSYN-PWY,0.44164773664230594,0.11321073201944386,0.022661150100049397,-0.05498989597743438
POLYISOPRENSYN-PWY,1.4980318343923678,0.14496662321800868,0.052155308849013704,-0.01940098723263554
PPGPPMET-PWY,0.4256468252603831,-0.07354244737361908,-0.023958050501405863,-0.22633042565482372
PROTOCATECHUATE-ORTHO-CLEAVAGE-PWY,-0.19117017045395635,-0.10529831227151805,-0.08413412448723862,-0.22679195485985879
PRPP-PWY,1.2395366389025781,0.04306529517338788,0.049740853844694885,-0.06100838208429779
PWY-1269,1.2338040261528214,0.10049482835785889,-0.026456369171354917,-0.1595614599359769
PWY-1361,-2.2649060211746725,-0.38827848434618883,-0.586078673852492,-1.1334849977134789
PWY-1501,-3.4434969379075264,-0.25191881982502234,-0.28290482094730673,-0.6418028600103199
PWY-1541,-7.664186495206932,-1.4558160265656328,-1.7778314800465473,-2.3569151490492106
PWY-1622,-1.3951734006456231,0.3072475450301207,0.35070901057197346,0.2599859027743541
PWY-181,0.2184739988815778,-0.15172168577082756,-0.19352335087053707,-0.6472929317989524
PWY-1861,0.37677660571954164,0.08995706971110191,0.12764466770812527,0.17599350165386146
PWY-1882,-3.1632035245799894,-0.20357024417618574,-0.17380176620059778,-0.4958418355229305
PWY-2941,-0.9601345223312272,-0.06551555872976385,0.08729766111710997,-0.1463151681817052
PWY-2942,1.649971636712051,0.1380284904883723,0.06116386216830301,-0.00649388009706817
PWY-3001,1.6794878938819728,0.17373992456905302,0.08135657375935211,0.03242101780442968
PWY-3081,-4.79916406070338,0.4461833174088318,0.4569205829221834,-0.378124070826537
PWY-3661,-3.1735170075734205,-0.2751805621954057,-0.09598953626389072,-0.22254822835016194
PWY-3781,2.313892506909543,0.11587786163218472,-0.008491736581125828,-0.16281697243878546
PWY-3801,-3.418940127947968,-0.35533871307589165,-0.2721061327754911,-0.5760239537428253
PWY-3941,-7.688609402290902,-0.44403712592806865,-0.5318705481080767,-1.3709816213049928
PWY-4361,-4.041759642032136,0.3097480709541599,0.31821598122836803,0.05505625949878832
PWY-4722,-6.134823135664729,0.26815278959356154,0.0070056091458716024,1.0898871097105902
PWY-4984,-0.1530666555259117,-0.07646105873798546,-0.12969467889216318,-0.45272865555157277
PWY-5005,-0.9104716174101863,0.4388326068866784,0.3013465319278951,0.2867195766012881
PWY-5022,0.11573542014132698,-0.022231227262897363,0.04217972627307784,-0.13216728397237323
PWY-5028,-0.8170439230540989,-0.13386178125050918,-0.1308080061013604,-0.35946521027880113
PWY-5088,-2.334364380962441,-0.11970815848454004,-0.033395915973415666,-0.13290620437563724
PWY-5097,1.6160885311609423,0.14211668368924893,0.0636796108282022,-0.001721244468215949
PWY-5100,1.1714612130611002,0.08225021495181034,0.06520393751312945,-0.026772066889906753
PWY-5101,1.9431413911481386,0.1749666851241329,0.07736023016299222,0.029523271806890274
PWY-5103,1.7661383649132905,0.17214095405737118,0.07756696944065368,0.03077121972723603
PWY-5104,1.8722506279507165,0.22547538493302438,0.130977107567828,0.09777448413093136
PWY-5121,1.408430314231767,0.15696696664275117,0.05927246656054541,-0.00554558164459246
PWY-5154,0.870766454197808,-0.018985768396118916,-0.05696070442401304,-0.24339576481344763
PWY-5177,-0.9742166145403477,-0.13127411263270317,-0.20648463754563195,-0.44399089674679515
PWY-5178,-3.098553361840593,0.03310100599644453,-0.017761007132838347,-0.36918153940351267
PWY-5180,-0.8125902365718183,-0.26703489162849614,-0.37357756453161195,-0.6350757443865651
PWY-5181,-1.1196552195178366,-0.09426728661909765,-0.06042979239371271,-0.20488850537627912
PWY-5182,-0.8125902365718183,-0.26703489162849614,-0.37357756453161195,-0.6350757443865651
PWY-5183,-3.3554746425202335,0.06647881752023321,-0.05219539965488432,-0.0683839820536075
PWY-5184,-7.5093681458169295,-0.7570475482657157,-1.1584722653990642,-1.6696639534905569
PWY-5188,1.353261306423743,0.15378670458468877,0.0320910554516457,-0.06040759414658117
PWY-5189,1.2844221227423578,0.13362190323974518,0.0010973187623702502,-0.1126401333748765
PWY-5198,-6.451838527486819,1.0613174778184886,0.9442675832924128,1.3490472442048118
PWY-5265,-2.4781792323142895,-0.0344936572956623,0.020317632453420338,-0.23245135490277521
PWY-5266,-3.897978604996122,-1.4691516709633037,-1.5532495217453441,-0.12390871544997722
PWY-5273,-3.897978604996122,-1.4691516709633037,-1.5532495217453441,-0.12390871544997734
PWY-5304,0.2126669144513258,0.5475460910751632,0.3794055968533105,0.3335616417300803
PWY-5345,1.096789800843185,0.06840606334474837,0.01640003586211622,-0.10713116464380276
PWY-5347,1.117381370865493,0.0029256211478487643,0.012238601168027378,-0.1105017703268206
PWY-5384,0.2736557278514251,-0.17196897138422146,-0.03169215182861977,-0.1905373546730839
PWY-5392,-5.158380160535394,-0.2258562029591193,-0.9963572693431884,-2.300477823034565
PWY-5415,-1.05972695662709,-0.23055499196782625,-0.3575015100230471,-0.6162785349658936
PWY-5417,-1.8413276146787503,-0.05512915040115514,-0.17945610491528452,-0.2826312874291321
PWY-5419,-1.8036451107044016,-0.4201396506095113,-0.6031630202292658,-1.0390331750096928
PWY-5420,-1.5648378644294194,-0.3776557711462014,-0.5447910098315338,-0.9426150666729971
PWY-5430,-2.9299672394743945,-0.022388928923256723,-0.13597506610186738,-0.4317267635764997
PWY-5431,-1.8413276146787503,-0.05512915040115514,-0.17945610491528452,-0.2826312874291321
PWY-5484,1.567736879420286,0.1379296227635426,0.05738481220728811,0.02239438894835389
PWY-5505,1.0126413684430116,0.029798340386685204,0.02258817997753511,-0.09229009670648479
PWY-5507,-0.02063148874304055,-0.010237442497199462,0.019363019453431426,-0.10853619906064016
PWY-5509,0.7601818067993822,0.2666382469623371,0.22312207625687058,0.256486129059799
PWY-5529,-3.895858439328551,-0.27880337694012874,-0.32818126711431783,-0.4143041863323475
PWY-5531,-3.0633404547007705,-0.2915665044531067,-0.6130959566574515,-1.119996855395861
PWY-5532,-5.62961887965789,1.7257421866483045,1.8752123263334632,2.083999232122711
PWY-5647,-2.7877328374432713,-0.4214028671857064,-0.6978082414690558,-1.1123541996794624
PWY-5651,-2.4027555510405154,-0.26701730099372056,-0.6530283799601351,-0.9855909986264321
PWY-5654,-2.51478901754348,-0.43464725027246975,-0.705806623137394,-1.1546075780666194
PWY-5655,-2.3704161642685184,-0.4047883034224813,-0.6864960231888078,-1.0752204787011106
PWY-5656,-8.45997351823578,-0.019753207553800348,-1.2435968378386935,-1.2245077806524427
PWY-5659,1.6905270081668924,0.1669202335259007,0.07604626767848818,0.03616420594005203
PWY-5667,1.8251247800052663,0.1538302803974324,0.07776506279043363,0.015982901587595258
PWY-5676,-0.3428062838952979,-0.13738986905255796,-0.1170663662833702,-0.3519921653591397
PWY-5677,-0.7980865263356502,-0.01655046453335947,0.02916133328360848,-0.12119210357380128
PWY-5686,1.725282513356369,0.16070162379012448,0.08039366715505884,0.03400585200779155
PWY-5695,1.4446042685973257,0.09648745298296482,0.03090071442550789,-0.06561964583179797
PWY-5705,-0.5639904959462783,-0.15961272858577547,-0.11836283554571635,-0.2680392122014636
PWY-5741,-1.7549630700219634,-0.28821081398768184,-0.4456088144100426,-1.1883253984831237
PWY-5747,-0.021698948567657084,-0.2149071179423857,-0.13416212344472045,-0.312742387233038
PWY-5837,0.10588332355271213,-0.11366332502747957,-0.008518491048335311,-0.19420136072175243
PWY-5838,0.657170965840276,0.030546725288921453,0.08926553290609554,-0.024284788733237538
PWY-5840,0.646386439756423,0.022797206323534103,0.08151466581465251,-0.033853794644932184
PWY-5845,0.3387040061460027,-0.03633803697768735,0.05038883291175529,-0.051640049231675006
PWY-5850,0.3387040061460027,-0.03633803697768735,0.05038883291175529,-0.051640049231675006
PWY-5855,0.9742976426157703,0.03368239138081697,-0.041992053829324257,-0.2120619432796159
PWY-5856,0.9742976426157703,0.03368239138081697,-0.041992053829324257,-0.2120619432796159
PWY-5857,0.9742976426157703,0.03368239138081697,-0.041992053829324257,-0.2120619432796159
PWY-5860,0.04811576495401226,-0.06852698886594626,0.03410999091422231,-0.07340392547416467
PWY-5861,0.40954814382991067,-0.005054308601800506,0.07534441444562459,-0.050369701749538434
PWY-5862,0.04811576495401226,-0.06852698886594626,0.03410999091422231,-0.07340392547416467
PWY-5863,0.19405951415579636,-0.10239941838402332,-0.004497632924425173,-0.18456972369858052
PWY-5896,0.3387040061460027,-0.03633803697768735,0.05038883291175529,-0.051640049231675006
PWY-5897,0.607988844183394,0.015779714698514524,0.08112939816656858,-0.03935653069616285
PWY-5898,0.607988844183394,0.015779714698514524,0.08112939816656858,-0.03935653069616285
PWY-5899,0.607988844183394,0.015779714698514524,0.08112939816656858,-0.03935653069616285
PWY-5910,0.10746009404801349,-0.08807361516982969,-0.056725230181917274,-0.1607917376800864
PWY-5913,1.038825400099455,-0.062180760365298,-0.03934330929331214,-0.22813022251582762
PWY-5918,1.0428252613481082,0.01628149462439392,-0.07481190788879363,-0.2560121726882065
PWY-5920,0.5737098374504441,0.04330028820394073,-0.06007324905672576,-0.26144903422410437
PWY-5941,-4.261373617086615,0.20244600870247814,0.023296889450570242,-0.12173149687321483
PWY-5971,1.30149170423911,-0.05090380944804941,-0.04972467778781299,-0.2529150724826051
PWY-5973,1.8209243609479966,0.06824378850669793,-0.0032934384878267123,-0.13380402685316264
PWY-5989,1.1312980173821252,-0.06877220456991621,-0.051394953487521655,-0.27179312660978894
PWY-6071,-1.7984739357058022,-0.1901185941979474,-0.26564673075732076,-0.40121455445720994
PWY-6107,-3.1859970555615122,-0.0922453892579302,0.07476807150829558,-0.026189521205420983
PWY-6121,1.6926951932011463,0.15489486427707239,0.06683381200164122,0.02030129161086194
PWY-6122,1.6902120345371898,0.17311757762196422,0.08783865540526671,0.051059796549365107
PWY-6123,1.607318088578257,0.18083784476101267,0.09745195470101542,0.05687298507914856
PWY-6125,1.5487163531355144,0.18447333290566376,0.09718263627621385,0.05164540425231372
PWY-6126,1.6652076692691526,0.18583049050046124,0.09919443872990225,0.05915670174144773
PWY-6143,-6.200047236452812,-0.419659727781553,0.3749987784113042,0.49763916662418567
PWY-6147,1.1369529777027818,0.002443756027955754,-0.060903328147988794,-0.26660815129904897
PWY-6148,-8.045585808772076,2.6873505822224475,3.147901394659872,3.5740558897809076
PWY-6151,0.7553470070752883,-0.09032153849755929,0.004569413168530441,-0.1269163267887145
PWY-6163,1.6163825679033863,0.15094929730201245,0.06553980127886465,0.011496045238264654
PWY-6165,-3.0281402318124684,1.5749588497020723,1.7158531686851062,2.1550466046363623
PWY-6167,-5.755981561962276,1.6609139892696756,1.2754680431107943,0.7618469913671926
PWY-6174,-4.659469304733744,1.1016945842497534,1.074710308995908,1.2242441046306538
PWY-6182,-1.7433770447064276,-0.05926374567523955,-0.1742177804389805,-0.2946168906993218
PWY-6185,-1.8028178499915537,-0.06939142248003809,-0.17624960311073345,-0.28185402496096046
PWY-621,0.5361466457644006,-0.15299671625658934,0.005963665706193902,-0.18543600046912154
PWY-6210,-2.9622889644464188,-0.46584631243244834,-0.7875177831133955,-1.230076581889948
PWY-622,-7.754073770770765,0.056979690821916174,-0.019073777256186673,-1.2802285243204823
PWY-6263,0.6210821908077886,0.28542761521856697,0.13374049006329086,0.08543854015264399
PWY-6269,0.7776161712260592,0.28224220168146785,0.24607300969126655,0.2929246509843665
PWY-6277,1.6902120345371898,0.17311757762196422,0.08783865540526671,0.051059796549365107
PWY-6282,1.1119580659426163,-0.07193269927160549,-0.05626532464356431,-0.2786181961456023
PWY-6317,0.9331785340792322,0.04739845889060951,0.06152737717908671,-0.030983606704486726
PWY-6338,-4.373633211383721,-0.643586515581935,-0.24798526972098522,-0.7951772246773571
PWY-6339,-3.4887898627238965,-0.781900904766981,-0.3104103045651111,-0.874075477828906
PWY-6349,-3.8442676364238606,1.5015156178207862,1.6113713929170201,2.1471827706478166
PWY-6350,-3.9559111410539574,1.5809697237705607,1.695454181070198,2.245790583974864
PWY-6353,1.085033451665188,-0.018706362629225537,-0.031117040191622515,-0.16735060878441355
PWY-6383,-2.4660789299379804,-0.15985057841378736,-0.21127462040194267,-0.3699084348213281
PWY-6385,1.5144013091872157,0.08803926887990318,-0.008356902691310779,-0.12369733648891099
PWY-6386,1.518029621506905,0.08474147047068156,-0.010364940895288525,-0.1260547916418388
PWY-6387,1.5478916680121735,0.08599266013214286,-0.01031637538128158,-0.12593308250754595
PWY-6396,-1.082696357293182,-0.07983066503709808,0.07465774256405516,-0.06978067286435823
PWY-6397,-4.9475837362999036,-0.18756525436636157,-0.05604693060002744,-0.15354196038141635
PWY-6467,1.4017431035014862,0.1395434848751473,0.011660395981700204,-0.09754474798148596
PWY-6470,0.5031417111061351,-0.11708645412601952,-0.08046351074742755,-0.22538882685579345
PWY-6471,0.8363858913573541,-0.08173596014893843,-0.06438284903527297,-0.2002155088339216
PWY-6478,-0.06074221623555154,0.1457144037943357,-0.06909891009354954,-0.22826452729418464
PWY-6505,-2.3953509864679043,-0.4080334888859001,-0.6883866014052564,-1.099527488779239
PWY-6507,0.18143798335244554,-0.14679281435372998,-0.08691882438630391,-0.24965855560137265
PWY-6519,0.9439509696117412,-0.11459985456451795,-0.09547853307513805,-0.3158068516185546
PWY-6545,0.8901709652036498,0.3760837990257616,0.29092242389229833,0.31846621057172547
PWY-6562,-1.7139926384486408,-0.14211842015741077,-0.08479945748996585,-0.03211427769301267
PWY-6572,-2.5902668760301175,-0.15765864962098763,-0.07338243253368487,-0.23224060267028776
PWY-6581,-9.557026552368352,-0.3671116610065069,-0.23048779612071735,-0.4427799125084268
PWY-6588,-1.3882711659849374,-0.020091831656799314,-0.059326379409695255,-0.43315279460328604
PWY-6590,-0.5792888559273557,0.26253926806095873,0.3552021753416622,0.44052488535610634
PWY-6608,1.1517339504550215,-0.03236775658200429,-0.09262076455901695,-0.25749574523734375
PWY-6609,1.3104286321633936,0.09107287351383202,0.025286463801794945,-0.07977481332313219
PWY-6612,1.1736506088239462,-0.006089224605565435,-0.016850882519842802,-0.2019974434595545
PWY-6628,1.2786001848597284,0.012863679399679043,0.015179292147159795,-0.08684360812727566
PWY-6629,0.6224689625244295,-0.06756368013172777,-5.464985391941575e-4,-0.08644763054380858
PWY-6630,1.2702710781066617,0.015888954139762435,0.017066052456652582,-0.08499147385556834
PWY-6641,-2.9146055441334697,0.1360948639730568,-0.18007310492551848,-0.5006378607275761
PWY-6654,-3.600188723186146,1.7719554592028548,1.9028176160443884,2.4734768693599576
PWY-6690,-2.5048185801605296,-0.202659454338931,-0.05255559483380397,-0.17310612649513463
PWY-6700,1.3782953636512048,0.0994858305726401,-0.01087247142068011,-0.1114899248771844
PWY-6703,1.3255325631007455,0.1436480366364094,0.018560733850953158,-0.08586299776469104
PWY-6708,0.9742976426157703,0.03368239138081697,-0.041992053829324257,-0.2120619432796159
PWY-6713,-2.8536190145234723,-0.3871022211213178,-0.7367613618963246,-1.1451965085283615
PWY-6728,-0.9899853670178143,-0.2316421390667256,-0.26348312466112483,-0.764820725645556
PWY-6731,-6.441055026090588,-0.2267771154059971,0.02268843801670615,-0.03787245941886011
PWY-6737,1.1366659183698324,0.03787857537928357,0.02607387842698341,-0.12064888986971198
PWY-6749,-2.480081527978151,-0.43552090830278356,-0.7232407083144833,-1.235370336454151
PWY-6876,-1.4683571489642855,-0.05687129110749649,-0.13410116352514884,-0.5216433902602504
PWY-6891,-0.40957454778295244,-0.055767311544496254,0.12738255344442756,0.020580023598877627
PWY-6892,0.2691137778765871,0.07942279904494076,0.08252618274182091,-0.03493416576341718
PWY-6895,0.6993922788454388,0.04775601685188055,0.13188909714627334,0.04803645712423989
PWY-6897,1.4505537251921314,0.1915288331235403,0.09146077410456746,0.04041912075680587
PWY-6901,1.1027248402242336,-0.03953784196922182,-0.04904135738717308,-0.19899348815345255
PWY-6944,-3.054120624345731,-0.40929568594891663,-0.6958762527074055,-1.109582304533116
PWY-6957,-3.2825716322158502,-0.042663842259438325,-0.15004933172981394,-0.3255043034937043
PWY-6969,1.6985259821663892,0.13921984102811275,0.03787359200324648,-0.04759390854827683
PWY-6992,-5.180942853009168,-0.23436340632417146,-0.07836374865238677,-0.08520613936238032
PWY-7003,-1.070378161225145,-0.0464581605037646,0.07440682262344153,-0.07837112183008538
PWY-7007,-2.362452093326004,-0.2174857725622127,-0.07741633844269462,-0.3167953250580783
PWY-7013,0.3266203609472207,-0.1518244195791132,-0.03725282679637583,-0.1363640345680623
PWY-7046,-3.48644088505955,-0.06489545573800083,0.02895481836291034,-0.19385970107681055
PWY-7084,-5.926745086981576,-0.26153216402902674,-0.21697915712541227,-1.6132285481164241
PWY-7090,-2.8863135262197845,0.013474881604506411,-0.13577534347638437,-0.34906704312650766
PWY-7094,1.2608166039757585,-4.0187453695794684e-4,-0.07083588702497007,-0.2365926181936482
PWY-7097,-4.373633211383721,-0.6435865155819349,-0.2479852697209851,-0.7951772246773569
PWY-7098,-4.263346595123407,-0.6410475403343836,-0.24705922930739732,-0.7929056752326159
PWY-7111,1.9152795053450244,0.11330188830882086,0.022389480653083868,-0.05946013658733641
PWY-7159,-3.0633404547007705,-0.2915665044531067,-0.6130959566574515,-1.119996855395861
PWY-7184,1.4367906170763156,0.14812867723850356,0.08828175391515057,0.027510324259438227
PWY-7187,1.1501997031606503,0.1272308568876519,0.09051528940811955,0.04840959637109865
PWY-7196,1.2415313028069388,0.08199713540531152,0.03839708408567122,-0.06747079514559491
PWY-7197,1.4088010464500318,0.198029253028519,0.09389986034435843,0.050833307132267816
PWY-7198,-0.6136161762661807,1.0734123322714957,1.2201367965978365,1.457641059053121
PWY-7199,0.7151249812338776,-0.01745241798512727,-0.020418903892145707,-0.1809249651294999
PWY-7200,1.0241895992191985,0.060321850276204424,0.02679371655885608,-0.09680193025149188
PWY-7208,1.781317258574484,0.14433606463418616,0.06809326362657837,0.01355431702213904
PWY-7210,-0.3134282908520838,1.0321787718975641,1.156775979913174,1.3682102892323722
PWY-7211,1.3718965245537902,0.12942572347046227,0.035091501033573905,-0.031718867272812035
PWY-7219,1.7707376825007373,0.17409747007735465,0.08968181272707823,0.05252459006834771
PWY-722,-2.7523303594227215,-0.29473464016166906,-0.5256912056226437,-0.8631949332913513
PWY-7220,1.5453465514679916,0.1987943845705253,0.1098374815349039,0.06722406536850577
PWY-7221,1.619083364432223,0.15220496689958973,0.07309141777290869,0.017680950809104756
PWY-7222,1.5453465514679916,0.1987943845705253,0.1098374815349039,0.06722406536850577
PWY-7228,1.5889533894424481,0.17636458903906932,0.09255763930194497,0.044891294330631604
PWY-7229,1.7324315453878132,0.17672189346820782,0.09424394764472865,0.053203305971271084
PWY-7234,1.265469336047671,-0.02596122890741022,-0.03524304159896098,-0.2251550974003004
PWY-7237,-1.4685396283345238,-0.14254601203869105,-0.12650582591296478,-0.44065607774531557
PWY-7242,0.6025405231370407,-0.1469937315723922,-0.08015356057458854,-0.23572233695724296
PWY-7254,0.1335381205998889,-0.06108672507860678,0.03723646503805529,-0.0985150264150845
PWY-7255,-4.015983780378881,-0.2138553943527246,-0.32002817497636854,-0.6214751876029425
PWY-7286,-6.7994952194821145,2.425820423420847,2.67961284931014,3.1113238445627687
PWY-7295,-2.5802101393522126,-0.07027769447250475,-0.26669281516317284,-0.6108811992332123
PWY-7315,-0.3079836858354419,-0.15490430013890716,-0.030494130617096812,-0.13843611591308785
PWY-7323,1.3902076903919376,0.16438335189689174,0.037189389373733145,-0.03835965835721902
PWY-7328,0.711888041160444,-0.04691981497253987,0.004967124524129899,-0.14604178556450714
PWY-7332,-1.783565054654657,0.11411010780285877,0.040897452070076765,-0.4113739418320115
PWY-7347,-2.9306778244987415,-0.43729917385396,-0.7717022756343699,-1.2580521937754086
PWY-7371,-0.08687269605406911,0.33753620982447957,0.1506063290869521,0.1146533523104766
PWY-7373,-5.426172933980387,-0.17689262278305073,0.5047839689538326,0.70073377471999
PWY-7374,-0.37943118020408306,0.4645775369800621,0.2936189949166204,0.29931161133346706
PWY-7376,-0.20384314312418006,0.03003747621944619,0.008786033693114703,-0.15902095322745896
PWY-7377,-0.09052496032919066,0.026177309648640026,0.07536708870969258,-0.014832859960876407
PWY-7385,-5.743940721986183,-0.9129506784018173,-1.1460519734769312,-2.203572721575924
PWY-7391,-4.484893811625958,1.0761387014323003,1.0552492296892617,1.1921172889687093
PWY-7392,1.175791287738722,0.1022474104228408,0.038296055056732434,-0.021205001894897515
PWY-7400,1.5421120641022803,0.18411973880420845,0.1021578508384439,0.06568531902248523
PWY-7431,-0.5474236167525124,-0.07946183680604842,-0.057469087278279686,-0.25470313574202935
PWY-7446,-1.320557770072293,-0.17535306585152893,-0.06216255775622004,-0.1672432507806316
PWY-7456,-1.4304129868409348,-0.1103785000206119,-0.07531829380043024,-0.27514073306362913
PWY-7527,-3.5446922567028354,0.30856421050085736,0.31561983896555473,0.05643888425728347
PWY-7539,1.1436866154147296,-0.0019212751157018093,-0.059511845105833794,-0.2630060862393038
PWY-7560,1.4081347247890932,0.17556220129543926,0.08004136632364502,0.01706948300046546
PWY-7616,-2.4195228104134845,-0.15263996901452076,-0.06343172401536079,-0.1881091160761226
PWY-7644,-6.222461868335083,-0.21923432131415255,-0.46833886550701925,-0.6152071815601612
PWY-7663,1.803997201191505,0.05690288692291724,-0.011007481737660117,-0.14730551322118596
PWY-7664,1.1857438481266112,-0.06365669469117015,-0.05383687383147777,-0.27151805434832027
PWY-841,1.6443205664506504,0.17094649580407656,0.08784860083075195,0.038769796256594075
PWY-922,-0.16543996458110222,-0.10503639960980828,-0.06428858228411688,-0.17202735584072507
PWY0-1061,1.2008509561882619,-0.10302934297964984,-0.028553747456189726,-0.18422772150521383
PWY0-1241,0.9079541210227138,0.18901242482627628,0.06774190810119732,0.003423930590829516
PWY0-1261,1.2107971924727892,-0.024911147542006337,-0.041638066200378535,-0.2123440382384047
PWY0-1277,-1.7032497903223494,-0.21740365610161327,-0.18684930396294308,-0.37701492750435583
PWY0-1296,0.5954236709835605,-0.071287476325077,0.012312277549401389,-0.1483366830579402
PWY0-1297,0.6416653262846719,-0.08694988887482365,-0.026383803639074804,-0.16868064247480744
PWY0-1298,0.4942787451972439,-0.0864621981666064,-0.025889565622831255,-0.17891966209945667
PWY0-1319,1.8251247800052663,0.1538302803974324,0.07776506279043334,0.015982901587595244
PWY0-1338,-0.8575321088868719,-0.14469971303273543,0.007694977531273281,-0.0403217707167718
PWY0-1415,0.45022834276616663,0.02489375455726056,-0.03692697667026465,-0.22794068772858447
PWY0-1479,1.0651614147355026,0.10098847400434113,0.03858856053997492,-0.04487043842717123
PWY0-1533,-0.8680740700980838,-0.13618693165614415,-0.19116711770561284,-0.6115211175125458
PWY0-1586,1.083727752841341,-0.004257833592830593,-0.08443160068301178,-0.20328069761573506
PWY0-162,1.6698963348691436,0.17677576452961571,0.08924362139313001,0.044043110238855654
PWY0-166,1.3974286713745983,0.15062942527582035,0.08532256686116045,0.02799821030807462
PWY0-321,-1.5140018853881099,-0.23227307649128226,-0.26214955504848625,-0.4091455076211525
PWY0-41,-0.8194778994128615,-0.15488117124255857,-0.03111710873035829,-0.09604707801354274
PWY0-42,-0.09696387404552098,-0.21243300660365072,-0.1548400416204837,-0.3491160963755315
PWY0-781,1.1988183405763646,-0.0010011788240227582,-0.007226223549268107,-0.14392693751695107
PWY0-845,0.5646363640331185,-0.0977222848088894,-0.08732576972588403,-0.2936707593953325
PWY0-862,1.0993983081555676,-0.07346816084179593,-0.05894694382416694,-0.2822298912674766
PWY1G-0,-2.738641040383814,-0.02890232041416628,-0.04942480885142132,-0.19621628142046257
PWY490-3,-2.440345996668616,0.018664477895177917,0.09518795256762004,-0.2951513740807548
PWY4FS-7,1.7378093725549615,0.16092189976859,0.07970989862153377,0.0187702692780906
PWY4FS-8,1.7378093725549615,0.16092189976858995,0.079709898621534,0.018770269278090702
PWY5F9-12,-8.225815734208487,-0.49139218653342664,-0.7543852018892506,-1.1196040659865838
PWYG-321,1.2174140987205444,-0.06110631661701087,-0.05302593637874573,-0.27069650355161967
PYRIDNUCSAL-PWY,1.0157956879160874,0.15089089562578398,0.11252474432074829,0.05412946909115153
PYRIDNUCSYN-PWY,1.3598627489952175,0.22208753140000187,0.11858080792888324,0.08828772443062073
PYRIDOXSYN-PWY,0.4581980469697413,-0.05398888786635249,-0.06597490609544332,-0.2718959826150199
REDCITCYC,0.8733487256440124,-0.0037903747908176882,0.009318605144214662,-0.2147010823191441
RHAMCAT-PWY,-0.48991096654053656,-0.17269313329528452,-0.07663325692789082,-0.20563330004750383
RIBOSYN2-PWY,1.5194098593810104,0.16912020720700027,0.08599666843114981,0.029358609310660984
RUMP-PWY,0.06521263600555116,0.0405295714658552,0.08229254932931494,0.08606558766893913
SALVADEHYPOX-PWY,1.1010273201249205,-0.0487525567927591,-0.103486733996346,-0.2802701779569289
SER-GLYSYN-PWY,1.618554769183211,0.17146756430963395,0.06615906309532678,0.01403421805197498
SO4ASSIM-PWY,0.8594963676933283,0.05519407904777749,-0.011714623720059924,-0.12063111827114992
SUCSYN-PWY,-1.772751960413105,-0.42256149669611753,-0.7459433923819501,-1.2274425461918297
SULFATE-CYS-PWY,1.1779541690205058,0.07121318680462065,0.0023522676706222018,-0.10535611597463768
TCA,1.687982984509265,0.1250655989312425,0.02422678980519008,-0.06888242000191962
TCA-GLYOX-BYPASS,0.8424397083136128,-0.10275978367557927,-0.05932390268050705,-0.25988991089584795
TEICHOICACID-PWY,-1.5621359073477556,-0.12673661591868257,-0.032460012378577985,-0.1867246183566623
THISYN-PWY,1.077326046179536,0.15562643174908816,0.10241513582817442,0.024518771693607062
THREOCAT-PWY,-0.337408609493977,-0.10244822044347641,-0.0061539011476680755,-0.10626130809194428
THRESYN-PWY,1.587314036735087,0.17453787066946608,0.08397432354352223,0.03444210363258672
TRNA-CHARGING-PWY,1.5805496682830071,0.16357999666151288,0.08903637807111085,0.04763408698557664
TRPSYN-PWY,1.5997265942605754,0.1645726188575868,0.06686812391035055,0.009194515094381201
TYRFUMCAT-PWY,-0.41969061505473704,-0.09188238698522665,-0.07656725539510485,-0.3008335627091041
UBISYN-PWY,0.9551521005579175,0.03793314532637771,-0.03512518971767964,-0.2043270691230616
UDPNAGSYN-PWY,1.5672272460907202,0.18033686015617784,0.0960348225316678,0.06333973946283011
VALDEG-PWY,-6.805570754282153,-0.8143247297188891,-0.8333346848947539,-1.9478466382154904
VALSYN-PWY,1.874442836038778,0.16351855392480186,0.061866951292856714,0.005233200126221384
